08092024224714, 22345532, "3 ft mini USB cable M-F", 4.5, 4, 0.0, $18.00, September 08, 2024, 10:47:14 PM EDT
08092024224714, 198, "Box of 10 Sharpie Roller 0.5mm", 6.5, 5, 0.1, $29.25, September 08, 2024, 10:47:14 PM EDT
08092024224714, 14909, "1/4in - 28tpi SS nuts", 1.0, 4, 0.0, $4.00, September 08, 2024, 10:47:14 PM EDT
08092024224714, 113355, "The Bourne Identity - blu-ray", 15.95, 2, 0.0, $31.90, September 08, 2024, 10:47:14 PM EDT
08092024224714, 8543, "Ritchey 1 inch threaded headset - silver", 45.0, 1, 0.0, $45.00, September 08, 2024, 10:47:14 PM EDT
08092024225748, 14, "Stanley #2 Philips Screwdriver", 6.95, 1, 0.0, $6.95, September 08, 2024, 10:57:48 PM EDT
08092024225748, 22345532, "3 ft mini USB cable M-F", 4.5, 5, 0.1, $20.25, September 08, 2024, 10:57:48 PM EDT
08092024231409, 286934, "1 lb - coffee beans", 6.5, 4, 0.0, $26.00, September 08, 2024, 11:14:09 PM EDT
08092024231836, 2, "Tamiya 2oz paint - ferrari red", 2.39, 1, 0.0, $2.39, September 08, 2024, 11:18:36 PM EDT
08092024231836, 198, "Box of 10 Sharpie Roller 0.5mm", 6.5, 6, 0.1, $35.10, September 08, 2024, 11:18:36 PM EDT
08092024231836, 14909, "1/4in - 28tpi SS nuts", 1.0, 4, 0.0, $4.00, September 08, 2024, 11:18:36 PM EDT
08092024231836, 85456, "Campagnolo 12 spd rear der", 350.0, 1, 0.0, $350.00, September 08, 2024, 11:18:36 PM EDT
08092024231948, 455654, "Park Tool 8mm threaded hook", 6.95, 2, 0.0, $13.90, September 08, 2024, 11:19:48 PM EDT
08092024231948, 339921, "Yamaha KT 100 kart engine", 950.0, 1, 0.0, $950.00, September 08, 2024, 11:19:48 PM EDT
08092024231948, RTX3452, "Laser Pointer", 38.8, 3, 0.0, $116.40, September 08, 2024, 11:19:48 PM EDT
08092024231948, 198, "Box of 10 Sharpie Roller 0.5mm", 6.5, 123, 0.2, $639.60, September 08, 2024, 11:19:48 PM EDT
08092024231948, 286934, "1 lb - coffee beans", 6.5, 4, 0.0, $26.00, September 08, 2024, 11:19:48 PM EDT
